{"pred":[0.00686338063402397,0.0161125236859179,0.00552573383370346,0.0219993618995779,0.0134466161667394,0.0250922584536332,0.726788165954333,0.00611296390846698,0.0246243585095515,0.0163458517187178,0.00927206304769218,0.0957283507818715,0.031715578841126,0.0665801844633765,0.213801829309268,0.89281402163562,0.900076234017881,0.747352524366497,0.9305627932421,0.831615562310495,0.96215262336541,0.96280739734053,0.899879425014005,0.898946450532273,0.974346096123855,0.973640446860469,0.969535735096393,0.911495508814113,0.701021639706645,0.335111639224616,0.574553856850333,0.0327113864490514,0.385776260863657,0.641234414295403,0.619683591835091,0.806886019494918,0.920860547411588,0.978432837718391,0.0760897048926986,0.933960261426077,0.16660534240269,0.129839105861797,0.130108799111529,0.431230424317369,0.9520181154963,0.94593761190712,0.983061771116537,0.863517908621874,0.920318823306203,0.983285163065901,0.908435881725396,0.908698178455397,0.904674497941204,0.952741972602009,0.975184007392244,0.973694845216732,0.970327830083464,0.948063650749691,0.947070509240835,0.952231272221736,0.970794759675696,0.969211838052507,0.988005714259534,0.985961185758539,0.169780383807371,0.985893660620353,0.978173895872119,0.138960064523529,0.921244322556583,0.990451548247782,0.602247884820689,0.899633276478738,0.985900687602178,0.761379603414977,0.894736771446588,0.904417884153146,0.900524430315792,0.0706458862815811,0.852833643953371,0.796054520334995,0.303585257341034,0.952909646817199,0.886156378496356,0.895061074958848,0.0934314722560022,0.741001908352899,0.0535422185817201,0.968525219889693,0.753194583495084,0.978096311667948,0.900259885247076,0.907153670972218,0.971350122115639,0.394197757998984,0.950865462042736,0.68940550129509,0.238015905315362,0.0180259182893778,0.979771798971188,0.899495263908375,0.792617977884246,0.885491371783808,0.323597175250426,0.130955873672614,0.832382049938502,0.773124880487402,0.827591600237852,0.937013238372183,0.584106753162014,0.347151643559317,0.30114917830865,0.724262936637742,0.692170766611747,0.901634628702948,0.951838394685547,0.987100519016507,0.968059270300505,0.605194343599293,0.98573790777256,0.548301404953376,0.939191242133833],"ground_truth":[0,0,0,0,0,0,0,0,0,0,0,0,0,0,0,1,1,1,1,1,1,1,1,1,1,1,1,1,1,0,1,0,0,0,1,1,1,1,0,1,0,0,0,1,0,1,1,1,1,1,1,1,1,1,1,1,1,1,1,1,1,1,1,1,0,1,1,0,1,1,1,1,1,0,1,1,1,0,0,0,0,1,1,1,0,0,0,1,1,1,1,1,1,0,1,1,0,0,0,1,1,1,0,0,1,1,1,1,0,0,1,0,0,0,1,1,1,0,1,1,1],"folds":{"1":[9,114,6,32,45,87,113,7,98,30,22,120,27,89,18,69,71,107,96,19,59,56,102,21,46],"2":[42,13,39,103,43,109,14,78,110,106,49,83,16,17,35,31,52,77,36,75,72,48,51,53],"3":[11,112,81,4,2,118,65,79,94,26,23,90,88,119,73,47,105,24,66,55,67,70,95,121],"4":[33,10,1,15,74,99,5,34,41,29,38,84,54,116,60,28,76,25,108,58,101,40,91,64],"5":[3,68,104,86,8,12,97,85,80,117,100,93,82,63,44,20,92,57,62,61,115,37,50,111]},"virus_ids":["CNE5","CNE8","BJOX009000_02_4","BJOX010000_06_2","BJOX015000_11_5","BJOX025000_01_1","BJOX028000_10_3","R1166_C1","C1080_C3","C2101_C1","C3347_C11","C4118_9","R2184_C4","620345_C1","T257_31","928_28","211_9","235_47","263_8","T250_4","T251_18","T255_34","T278_50","CNE19","CNE20","CNE21","CNE52","CNE53","6952_V1_C20","Q842_D12","Q23_17","Q259_17","Q461_E2","Q769_D22","3415_V1_C1","3365_V2_C20","0260_V5_C36","191084_B7_19","191955_A11","9004SS_A3_4","6041_V3_C23","6540_V4_C1","6545_V4_C1","3103_V3_C10","MS208_A1","0815_V3_C3","TRO_11","PVO_4","SC05_8C11_2344","QH0692_42","SC422_8","BAL_26","YU2","WEAU_D15_410","6240_08_TA5_4622","6535_3","6244_13_B5_4567","1006_11_C3_1601","1012_11_TC21_3257","1054_07_TC4_1499","62357_14_D3_4589","SS1196_1","1056_10_TA11_1826","AC10_29","THRO4156","WITO4160_33","RHPA4259_7","REJO4541_67","TRJO4551_58","CAAN5342","CNE58","CNE17","CNE30","16055_2_3","16845_2_22","0013095_2_11","001428_2_42","BF1266_431A","CE0393_C3","CE0682_E4","CE1086_B2","CE1172_H1","CE1176_A3","1394_C9G1","CE2010_F5","CE2060_G9","703010054_2A2","703010200_1E5","3301_V1_C24","DU172_17","DU422_1","DU156_12","CAP210_E8","CAP45_G3","704809221_1B3","ZM135_10A","ZM53_12","ZM109_4","ZM197_7","ZM233_6","ZM246F","ZM214_15","ZM249_1","249M_B10","ZM247_V1","3817_V2_C59","6480_V4_C25","6811_V7_C18","89_F1_2_25","3016_V5_C45","A07412M1_VRC12","231965_C1","231966_C2","191821_E6_1","P0402_C2_11","X1193_C1","X1254_C3","X1632_S2_B10","X2131_C1_B5","X2088_C9","P1981_C5_3"]}
