{"pretrain": {"KMER_LEN_VIRUS": 63, "KMER_STRIDE_VIRUS": 63, "BATCH_SIZE": 262, "LEARNING_RATE": 0.0004852601601081386, "GRAD_NORM_CLIP": 80.53009856513013, "RNN_HIDDEN_SIZE": 332, "EMBEDDING_DROPOUT": 0.27064724610785523, "ANTIBODIES_DROPOUT": 0.41206529515914464, "FULLY_CONNECTED_DROPOUT": 0.17514134390047387}, "10-1074": {"BATCH_SIZE": 4372, "FULLY_CONNECTED_DROPOUT": 0.46647248729474566, "GRAD_NORM_CLIP": 0.5210756491063917, "LEARNING_RATE": 0.00020747866812785353, "KMER_LEN_VIRUS": 63, "KMER_STRIDE_VIRUS": 63, "RNN_HIDDEN_SIZE": 332, "EMBEDDING_DROPOUT": 0.27064724610785523, "ANTIBODIES_DROPOUT": 0.41206529515914464}, "2F5": {"BATCH_SIZE": 576, "FULLY_CONNECTED_DROPOUT": 0.46533704209342547, "GRAD_NORM_CLIP": 0.8152871450598607, "LEARNING_RATE": 0.0008288893745305088, "KMER_LEN_VIRUS": 63, "KMER_STRIDE_VIRUS": 63, "RNN_HIDDEN_SIZE": 332, "EMBEDDING_DROPOUT": 0.27064724610785523, "ANTIBODIES_DROPOUT": 0.41206529515914464}, "2G12": {"BATCH_SIZE": 51, "FULLY_CONNECTED_DROPOUT": 0.18262375699340558, "GRAD_NORM_CLIP": 21.37490336056656, "LEARNING_RATE": 0.00017244101035435698, "KMER_LEN_VIRUS": 63, "KMER_STRIDE_VIRUS": 63, "RNN_HIDDEN_SIZE": 332, "EMBEDDING_DROPOUT": 0.27064724610785523, "ANTIBODIES_DROPOUT": 0.41206529515914464}, "35O22": {"BATCH_SIZE": 556, "FULLY_CONNECTED_DROPOUT": 0.26256473218370163, "GRAD_NORM_CLIP": 0.013732766674405313, "LEARNING_RATE": 0.0012767410052047156, "KMER_LEN_VIRUS": 63, "KMER_STRIDE_VIRUS": 63, "RNN_HIDDEN_SIZE": 332, "EMBEDDING_DROPOUT": 0.27064724610785523, "ANTIBODIES_DROPOUT": 0.41206529515914464}, "3BNC117": {"BATCH_SIZE": 567, "FULLY_CONNECTED_DROPOUT": 0.3753086965693338, "GRAD_NORM_CLIP": 0.5796919641877055, "LEARNING_RATE": 0.000160175469456355, "KMER_LEN_VIRUS": 63, "KMER_STRIDE_VIRUS": 63, "RNN_HIDDEN_SIZE": 332, "EMBEDDING_DROPOUT": 0.27064724610785523, "ANTIBODIES_DROPOUT": 0.41206529515914464}, "4E10": {"BATCH_SIZE": 2422, "FULLY_CONNECTED_DROPOUT": 0.021826023508640657, "GRAD_NORM_CLIP": 0.01220456782006073, "LEARNING_RATE": 0.0016609711516038358, "KMER_LEN_VIRUS": 63, "KMER_STRIDE_VIRUS": 63, "RNN_HIDDEN_SIZE": 332, "EMBEDDING_DROPOUT": 0.27064724610785523, "ANTIBODIES_DROPOUT": 0.41206529515914464}, "8ANC195": {"BATCH_SIZE": 4033, "FULLY_CONNECTED_DROPOUT": 0.2647708138063336, "GRAD_NORM_CLIP": 0.10840548603856875, "LEARNING_RATE": 0.0002063332405647587, "KMER_LEN_VIRUS": 63, "KMER_STRIDE_VIRUS": 63, "RNN_HIDDEN_SIZE": 332, "EMBEDDING_DROPOUT": 0.27064724610785523, "ANTIBODIES_DROPOUT": 0.41206529515914464}, "b12": {"BATCH_SIZE": 3713, "FULLY_CONNECTED_DROPOUT": 0.4996702222868165, "GRAD_NORM_CLIP": 291.14209226142515, "LEARNING_RATE": 0.00032230351068059684, "KMER_LEN_VIRUS": 63, "KMER_STRIDE_VIRUS": 63, "RNN_HIDDEN_SIZE": 332, "EMBEDDING_DROPOUT": 0.27064724610785523, "ANTIBODIES_DROPOUT": 0.41206529515914464}, "CH01": {"BATCH_SIZE": 4331, "FULLY_CONNECTED_DROPOUT": 0.20269947153849802, "GRAD_NORM_CLIP": 0.011421706716829474, "LEARNING_RATE": 0.0006588731960451694, "KMER_LEN_VIRUS": 63, "KMER_STRIDE_VIRUS": 63, "RNN_HIDDEN_SIZE": 332, "EMBEDDING_DROPOUT": 0.27064724610785523, "ANTIBODIES_DROPOUT": 0.41206529515914464}, "DH270.1": {"BATCH_SIZE": 1530, "FULLY_CONNECTED_DROPOUT": 0.4994515681893745, "GRAD_NORM_CLIP": 0.21812782646689252, "LEARNING_RATE": 0.0002209272201815366, "KMER_LEN_VIRUS": 63, "KMER_STRIDE_VIRUS": 63, "RNN_HIDDEN_SIZE": 332, "EMBEDDING_DROPOUT": 0.27064724610785523, "ANTIBODIES_DROPOUT": 0.41206529515914464}, "DH270.5": {"BATCH_SIZE": 2387, "FULLY_CONNECTED_DROPOUT": 0.4500344053463868, "GRAD_NORM_CLIP": 0.03952352525306405, "LEARNING_RATE": 0.0003394826284210533, "KMER_LEN_VIRUS": 63, "KMER_STRIDE_VIRUS": 63, "RNN_HIDDEN_SIZE": 332, "EMBEDDING_DROPOUT": 0.27064724610785523, "ANTIBODIES_DROPOUT": 0.41206529515914464}, "DH270.6": {"BATCH_SIZE": 3581, "FULLY_CONNECTED_DROPOUT": 0.27954662550144516, "GRAD_NORM_CLIP": 0.015750074536213885, "LEARNING_RATE": 0.0006184788484298689, "KMER_LEN_VIRUS": 63, "KMER_STRIDE_VIRUS": 63, "RNN_HIDDEN_SIZE": 332, "EMBEDDING_DROPOUT": 0.27064724610785523, "ANTIBODIES_DROPOUT": 0.41206529515914464}, "HJ16": {"BATCH_SIZE": 835, "FULLY_CONNECTED_DROPOUT": 0.45960412119471206, "GRAD_NORM_CLIP": 2.1914036899091665, "LEARNING_RATE": 0.00029415815400771265, "KMER_LEN_VIRUS": 63, "KMER_STRIDE_VIRUS": 63, "RNN_HIDDEN_SIZE": 332, "EMBEDDING_DROPOUT": 0.27064724610785523, "ANTIBODIES_DROPOUT": 0.41206529515914464}, "NIH45-46": {"BATCH_SIZE": 3351, "FULLY_CONNECTED_DROPOUT": 0.25270029274266653, "GRAD_NORM_CLIP": 0.017023699139042926, "LEARNING_RATE": 0.0009363034410588828, "KMER_LEN_VIRUS": 63, "KMER_STRIDE_VIRUS": 63, "RNN_HIDDEN_SIZE": 332, "EMBEDDING_DROPOUT": 0.27064724610785523, "ANTIBODIES_DROPOUT": 0.41206529515914464}, "PG16": {"BATCH_SIZE": 3289, "FULLY_CONNECTED_DROPOUT": 0.4912153107549312, "GRAD_NORM_CLIP": 0.014956446069691025, "LEARNING_RATE": 0.0005583944321990664, "KMER_LEN_VIRUS": 63, "KMER_STRIDE_VIRUS": 63, "RNN_HIDDEN_SIZE": 332, "EMBEDDING_DROPOUT": 0.27064724610785523, "ANTIBODIES_DROPOUT": 0.41206529515914464}, "PG9": {"BATCH_SIZE": 521, "FULLY_CONNECTED_DROPOUT": 0.15144735845544302, "GRAD_NORM_CLIP": 0.04014903081507292, "LEARNING_RATE": 0.00019743378349730076, "KMER_LEN_VIRUS": 63, "KMER_STRIDE_VIRUS": 63, "RNN_HIDDEN_SIZE": 332, "EMBEDDING_DROPOUT": 0.27064724610785523, "ANTIBODIES_DROPOUT": 0.41206529515914464}, "PGDM1400": {"BATCH_SIZE": 3525, "FULLY_CONNECTED_DROPOUT": 0.3338509046580209, "GRAD_NORM_CLIP": 0.01717084129576006, "LEARNING_RATE": 0.0006495120645340338, "KMER_LEN_VIRUS": 63, "KMER_STRIDE_VIRUS": 63, "RNN_HIDDEN_SIZE": 332, "EMBEDDING_DROPOUT": 0.27064724610785523, "ANTIBODIES_DROPOUT": 0.41206529515914464}, "PGT121": {"BATCH_SIZE": 3543, "FULLY_CONNECTED_DROPOUT": 0.460275890264162, "GRAD_NORM_CLIP": 0.012332254038452442, "LEARNING_RATE": 0.0006957806017318396, "KMER_LEN_VIRUS": 63, "KMER_STRIDE_VIRUS": 63, "RNN_HIDDEN_SIZE": 332, "EMBEDDING_DROPOUT": 0.27064724610785523, "ANTIBODIES_DROPOUT": 0.41206529515914464}, "PGT128": {"BATCH_SIZE": 1551, "FULLY_CONNECTED_DROPOUT": 0.14951568635920315, "GRAD_NORM_CLIP": 0.018472066114009762, "LEARNING_RATE": 0.0006418181210985527, "KMER_LEN_VIRUS": 63, "KMER_STRIDE_VIRUS": 63, "RNN_HIDDEN_SIZE": 332, "EMBEDDING_DROPOUT": 0.27064724610785523, "ANTIBODIES_DROPOUT": 0.41206529515914464}, "PGT135": {"BATCH_SIZE": 4315, "FULLY_CONNECTED_DROPOUT": 0.4205301341181932, "GRAD_NORM_CLIP": 0.023312397252788147, "LEARNING_RATE": 0.0002890052425053256, "KMER_LEN_VIRUS": 63, "KMER_STRIDE_VIRUS": 63, "RNN_HIDDEN_SIZE": 332, "EMBEDDING_DROPOUT": 0.27064724610785523, "ANTIBODIES_DROPOUT": 0.41206529515914464}, "PGT145": {"BATCH_SIZE": 366, "FULLY_CONNECTED_DROPOUT": 0.4450238576620253, "GRAD_NORM_CLIP": 0.015369253695342776, "LEARNING_RATE": 0.00012384977133521894, "KMER_LEN_VIRUS": 63, "KMER_STRIDE_VIRUS": 63, "RNN_HIDDEN_SIZE": 332, "EMBEDDING_DROPOUT": 0.27064724610785523, "ANTIBODIES_DROPOUT": 0.41206529515914464}, "PGT151": {"BATCH_SIZE": 3329, "FULLY_CONNECTED_DROPOUT": 0.06395728421201585, "GRAD_NORM_CLIP": 0.017450429717020145, "LEARNING_RATE": 0.0006474498680863408, "KMER_LEN_VIRUS": 63, "KMER_STRIDE_VIRUS": 63, "RNN_HIDDEN_SIZE": 332, "EMBEDDING_DROPOUT": 0.27064724610785523, "ANTIBODIES_DROPOUT": 0.41206529515914464}, "VRC-CH31": {"BATCH_SIZE": 3665, "FULLY_CONNECTED_DROPOUT": 0.14729037131632478, "GRAD_NORM_CLIP": 109.38877966597241, "LEARNING_RATE": 0.00013247523396246923, "KMER_LEN_VIRUS": 63, "KMER_STRIDE_VIRUS": 63, "RNN_HIDDEN_SIZE": 332, "EMBEDDING_DROPOUT": 0.27064724610785523, "ANTIBODIES_DROPOUT": 0.41206529515914464}, "VRC-PG04": {"BATCH_SIZE": 3128, "FULLY_CONNECTED_DROPOUT": 0.48237689810866835, "GRAD_NORM_CLIP": 0.018032435908011547, "LEARNING_RATE": 2.9355531093360204e-05, "KMER_LEN_VIRUS": 63, "KMER_STRIDE_VIRUS": 63, "RNN_HIDDEN_SIZE": 332, "EMBEDDING_DROPOUT": 0.27064724610785523, "ANTIBODIES_DROPOUT": 0.41206529515914464}, "VRC01": {"BATCH_SIZE": 4680, "FULLY_CONNECTED_DROPOUT": 0.3993610165614582, "GRAD_NORM_CLIP": 0.016222005968912923,