{"KMER_LEN_VIRUS": 96, "KMER_STRIDE_VIRUS": 66, "BATCH_SIZE": 54, "LEARNING_RATE": 0.0004304291230305528, "GRAD_NORM_CLIP": 194.53668927302212, "RNN_HIDDEN_SIZE": 793, "EMBEDDING_DROPOUT": 0.16838053762291658, "ANTIBODIES_DROPOUT": 0.44104613161513123, "FULLY_CONNECTED_DROPOUT": 0.3890501643007044}