{"KMER_LEN_VIRUS": 104, "KMER_STRIDE_VIRUS": 97, "BATCH_SIZE": 728, "LEARNING_RATE": 0.0007101962781513517, "GRAD_NORM_CLIP": 0.6184999589046778, "RNN_HIDDEN_SIZE": 494, "EMBEDDING_DROPOUT": 0.3441080917889022, "ANTIBODIES_DROPOUT": 0.21763996292796395, "FULLY_CONNECTED_DROPOUT": 0.011567870579051107}