{"BATCH_SIZE": 95, "LEARNING_RATE": 0.04704531766072622, "WARMUP": 1394, "EMBEDDING_DROPOUT": 0.06729550143629444, "FULLY_CONNECTED_DROPOUT": 0.0917046474733953, "TRANS_HIDDEN_ENCODER": 736, "TRANS_DROPOUT_ENCODER": 0.05302018983438856, "TRANS_HIDDEN_DECODER": 885, "TRANS_DROPOUT_DECODER": 0.052247919351199, "POS_EMBED": 0.2743642004281458, "N_HEADS_ENCODER": 1, "N_HEADS_DECODER": 1, "TRANSF_ENCODER_LAYERS": 1, "TRANSF_DECODER_LAYERS": 1}