{"KMER_LEN_VIRUS": 63, "KMER_STRIDE_VIRUS": 63, "BATCH_SIZE": 262, "LEARNING_RATE": 0.0004852601601081386, "GRAD_NORM_CLIP": 80.53009856513013, "RNN_HIDDEN_SIZE": 332, "EMBEDDING_DROPOUT": 0.27064724610785523, "ANTIBODIES_RNN_DROPOUT": 0.41206529515914464, "FULLY_CONNECTED_DROPOUT": 0.17514134390047387}