{"KMER_LEN_VIRUS": 79, "KMER_STRIDE_VIRUS": 79, "BATCH_SIZE": 575, "LEARNING_RATE": 0.00025888353537715424, "GRAD_NORM_CLIP": 3.428349705625898, "RNN_HIDDEN_SIZE": 464, "EMBEDDING_DROPOUT": 0.06132731178837055, "ANTIBODIES_DROPOUT": 0.47168151947337994, "FULLY_CONNECTED_DROPOUT": 0.07917629681406547}