{"KMER_LEN_VIRUS": 99, "KMER_STRIDE_VIRUS": 92, "BATCH_SIZE": 560, "LEARNING_RATE": 0.0010458744188306442, "GRAD_NORM_CLIP": 0.015772450506259878, "RNN_HIDDEN_SIZE": 562, "EMBEDDING_DROPOUT": 0.1813506632013378, "ANTIBODIES_DROPOUT": 0.439046318602801, "FULLY_CONNECTED_DROPOUT": 0.06562049834300349}