{"KMER_LEN_ANTB": 82, "KMER_LEN_VIRUS": 92, "KMER_STRIDE_ANTB": 80, "KMER_STRIDE_VIRUS": 53, "BATCH_SIZE": 971, "EPOCHS": 97, "LEARNING_RATE": 0.0005553393366083995, "GRAD_NORM_CLIP": 148.5211350302202, "RNN_HIDDEN_SIZE": 391, "NB_LAYERS": 2, "EMBEDDING_DROPOUT": 0.2948789742355045, "ANTIBODIES_RNN_DROPOUT": 0.3925735183307262, "VIRUS_RNN_DROPOUT": 0.2753657952887954, "FULLY_CONNECTED_DROPOUT": 0.2496215267195051}