{"ANTIBODIES_RNN_DROPOUT": 0.4203369914578768, "BATCH_SIZE": 4281, "EMBEDDING_DROPOUT": 0.31053178939090725, "EMBEDDING_SIZE": 21, "EPOCHS": 86, "FULLY_CONNECTED_DROPOUT": 0.2519190649625741, "GRAD_NORM_CLIP": 9.274135527245871, "KMER_LEN_ANTB": 70, "KMER_LEN_VIRUS": 87, "KMER_STRIDE_ANTB": 43, "KMER_STRIDE_VIRUS": 86, "LEARNING_RATE": 0.00019745148123188064, "NB_LAYERS": 5, "RNN_HIDDEN_SIZE": 139, "VIRUS_RNN_DROPOUT": 0.2642712604697207}