{"KMER_LEN_ANTB": 74, "KMER_LEN_VIRUS": 79, "KMER_STRIDE_ANTB": 73, "KMER_STRIDE_VIRUS": 78, "BATCH_SIZE": 495, "EPOCHS": 97, "LEARNING_RATE": 0.00038449401743624384, "GRAD_NORM_CLIP": 369.1277229320961, "RNN_HIDDEN_SIZE": 431, "NB_LAYERS": 2, "EMBEDDING_DROPOUT": 0.22101993141846105, "ANTIBODIES_RNN_DROPOUT": 0.3405684958012199, "VIRUS_RNN_DROPOUT": 0.30623048522333224, "FULLY_CONNECTED_DROPOUT": 0.20955768360948368}