{"KMER_LEN_ANTB": 94, "KMER_LEN_VIRUS": 93, "EMBEDDING_SIZE": 26, "KMER_STRIDE_ANTB": 33, "KMER_STRIDE_VIRUS": 69, "BATCH_SIZE": 2529, "EPOCHS": 100, "LEARNING_RATE": 0.0003111213512534443, "GRAD_NORM_CLIP": 1.9157206154441535, "RNN_HIDDEN_SIZE": 423, "NB_LAYERS": 1, "EMBEDDING_DROPOUT": 0.2475559771723086, "ANTIBODIES_RNN_DROPOUT": 0.2087345861598552, "VIRUS_RNN_DROPOUT": 0.25175199987573604, "FULLY_CONNECTED_DROPOUT": 0.44029934661712405}