{"KMER_LEN_ANTB": 57, "KMER_LEN_VIRUS": 98, "KMER_STRIDE_ANTB": 57, "KMER_STRIDE_VIRUS": 97, "BATCH_SIZE": 537, "EPOCHS": 75, "LEARNING_RATE": 0.0007221820989978105, "GRAD_NORM_CLIP": 14.478337437335599, "RNN_HIDDEN_SIZE": 196, "NB_LAYERS": 1, "EMBEDDING_DROPOUT": 0.4292139786083321, "ANTIBODIES_RNN_DROPOUT": 0.18996280620773087, "VIRUS_RNN_DROPOUT": 0.40591584357358035, "FULLY_CONNECTED_DROPOUT": 0.22545958214891942}