{"POS_EMBED": 32, "N_HEADS_ENCODER": 5, "N_HEADS_DECODER": 1, "BATCH_SIZE": 54, "LEARNING_RATE": 0.00024352833483947753, "EMBEDDING_DROPOUT": 0.3185779183700794, "FULLY_CONNECTED_DROPOUT": 0.12996568862205057, "TRANS_HIDDEN_ENCODER": 215, "TRANS_DROPOUT_ENCODER": 0.2960141162059282, "TRANS_HIDDEN_DECODER": 643, "TRANS_DROPOUT_DECODER": 0.23581490691427515, "TRANSF_ENCODER_LAYERS":  1, "TRANSF_DECODER_LAYERS":  1}