{"BATCH_SIZE": 413, "LEARNING_RATE": 0.32489220680631703, "WARMUP": 1848, "EMBEDDING_DROPOUT": 0.02884899804946659, "FULLY_CONNECTED_DROPOUT": 0.06411572171991127, "TRANS_HIDDEN_ENCODER": 587, "TRANS_DROPOUT_ENCODER": 0.0034617686433418837, "TRANS_HIDDEN_DECODER": 534, "TRANS_DROPOUT_DECODER": 0.11521415941024253, "POS_EMBED": 0.34662841560374824, "N_HEADS_ENCODER": 1, "N_HEADS_DECODER": 1, "TRANSF_ENCODER_LAYERS": 1, "TRANSF_DECODER_LAYERS": 1}