{"KMER_LEN": 227, "BATCH_SIZE": 182, "LEARNING_RATE": 0.004029739167626147, "WARMUP": 1332, "EMBEDDING_DROPOUT": 0.3236857478615894, "FULLY_CONNECTED_DROPOUT": 0.4646624630823275, "TRANS_HIDDEN_ENCODER": 539, "TRANS_DROPOUT_ENCODER": 0.11065902711363763, "TRANS_HIDDEN_DECODER": 958, "TRANS_DROPOUT_DECODER": 0.07366991873885745, "POS_EMBED": 0.053120156705957905, "KMER_STRIDE": 176, "N_HEADS_ENCODER": 1, "N_HEADS_DECODER": 1, "TRANSF_ENCODER_LAYERS": 1, "TRANSF_DECODER_LAYERS": 1}