{"BATCH_SIZE": 149, "LEARNING_RATE": 0.21382496422699862, "WARMUP": 8105, "EMBEDDING_DROPOUT": 0.036555585350741215, "FULLY_CONNECTED_DROPOUT": 0.01549720698861562, "N_HEADS_ENCODER": 1, "TRANS_HIDDEN_ENCODER": 72, "TRANS_DROPOUT_ENCODER": 0.05073798640151292, "N_HEADS_DECODER": 1, "TRANS_HIDDEN_DECODER": 259, "TRANS_DROPOUT_DECODER": 0.09646807141245484, "POS_EMBED": 22}