{"POS_EMBED": 22, "N_HEADS_ENCODER": 11.09102229795638, "N_HEADS_DECODER": 1.4695183947770298, "BATCH_SIZE": 149, "LEARNING_RATE": 0.2737152681812112, "WARMUP": 2194, "EMBEDDING_DROPOUT": 0.16743718252601997, "FULLY_CONNECTED_DROPOUT": 0.16198680584324787, "TRANS_HIDDEN_ENCODER": 334, "TRANS_DROPOUT_ENCODER": 0.3615988284552952, "TRANS_HIDDEN_DECODER": 119, "TRANS_DROPOUT_DECODER": 0.009829367493916621}