{"ANTIBODIES_RNN_DROPOUT": 0.3652647849514945, "BATCH_SIZE": 1550, "EMBEDDING_DROPOUT": 0.4961014846104854, "EMBEDDING_SIZE": 53, "EPOCHS": 71, "FULLY_CONNECTED_DROPOUT": 0.40177618499228696, "GRAD_NORM_CLIP": 0.2552368136783939, "KMER_LEN_ANTB": 29, "KMER_LEN_VIRUS": 78, "KMER_STRIDE_ANTB": 12, "KMER_STRIDE_VIRUS": 69, "LEARNING_RATE": 0.0004436866952312048, "NB_LAYERS": 3, "RNN_HIDDEN_SIZE": 491, "VIRUS_RNN_DROPOUT": 0.3010227340648963}