{"KMER_LEN_VIRUS": 100, "KMER_STRIDE_VIRUS": 58, "BATCH_SIZE": 456, "LEARNING_RATE": 0.0004298212680348918, "GRAD_NORM_CLIP": 694.4754164186368, "RNN_HIDDEN_SIZE": 512, "EMBEDDING_DROPOUT": 0.25645670582486874, "ANTIBODIES_DROPOUT": 0.4335967618354061, "FULLY_CONNECTED_DROPOUT": 0.3291231815494008}