{"BATCH_SIZE": 164, "LEARNING_RATE": 0.07444748808492663, "WARMUP": 1302, "EMBEDDING_DROPOUT": 0.2644659841377723, "FULLY_CONNECTED_DROPOUT": 0.12081923741918568, "TRANS_HIDDEN_ENCODER": 503, "TRANS_DROPOUT_ENCODER": 0.03835708001247201, "TRANS_HIDDEN_DECODER": 908, "TRANS_DROPOUT_DECODER": 0.014405217495678288, "POS_EMBED": 0.3583397314457806, "N_HEADS_ENCODER": 1, "N_HEADS_DECODER": 1, "TRANSF_ENCODER_LAYERS": 1, "TRANSF_DECODER_LAYERS": 1}