{"BATCH_SIZE": 172, "LEARNING_RATE": 0.36640190947621265, "WARMUP": 1939, "EMBEDDING_DROPOUT": 0.0053449687573360605, "FULLY_CONNECTED_DROPOUT": 0.17485029482141357, "N_HEADS_ENCODER": 2, "TRANS_HIDDEN_ENCODER": 229, "TRANS_DROPOUT_ENCODER": 0.19471045847461965, "N_HEADS_DECODER": 1, "TRANS_HIDDEN_DECODER": 158, "TRANS_DROPOUT_DECODER": 0.12253768784323146, "POS_EMBED": 26}