{"ANTIBODIES_RNN_DROPOUT": 0.4101004894100941, "BATCH_SIZE": 3937, "EMBEDDING_DROPOUT": 0.36604740950918646, "EMBEDDING_SIZE": 18, "EPOCHS": 100, "FULLY_CONNECTED_DROPOUT": 0.2260173247469214, "GRAD_NORM_CLIP": 6.537787160698172, "KMER_LEN_ANTB": 64, "KMER_LEN_VIRUS": 101, "KMER_STRIDE_ANTB": 36, "KMER_STRIDE_VIRUS": 82, "LEARNING_RATE": 0.0015567521008925905, "NB_LAYERS": 5, "RNN_HIDDEN_SIZE": 30, "VIRUS_RNN_DROPOUT": 0.2703351897218384}