{"ANTIBODIES_RNN_DROPOUT": 0.37989674458592, "BATCH_SIZE": 3755, "EMBEDDING_DROPOUT": 0.36062307139787, "EMBEDDING_SIZE": 3, "EPOCHS": 95, "FULLY_CONNECTED_DROPOUT": 0.20807121566076192, "GRAD_NORM_CLIP": 4.6286575307706395, "KMER_LEN_ANTB": 81, "KMER_LEN_VIRUS": 95, "KMER_STRIDE_ANTB": 79, "KMER_STRIDE_VIRUS": 91, "LEARNING_RATE": 0.0005908413114033957, "NB_LAYERS": 6, "RNN_HIDDEN_SIZE": 52, "VIRUS_RNN_DROPOUT": 0.30456401196272154}