{"KMER_LEN_VIRUS": 106, "KMER_STRIDE_VIRUS": 104, "BATCH_SIZE": 593, "LEARNING_RATE": 0.000938802976586086, "GRAD_NORM_CLIP": 33.7350773869205, "RNN_HIDDEN_SIZE": 360, "EMBEDDING_DROPOUT": 0.2666070501308427, "ANTIBODIES_DROPOUT": 0.4668907475208083, "FULLY_CONNECTED_DROPOUT": 0.32615198815325264}