{"KMER_LEN_VIRUS": 100, "KMER_STRIDE_VIRUS": 98, "BATCH_SIZE": 612, "LEARNING_RATE": 0.001648969208362159, "GRAD_NORM_CLIP": 2.84485643139887, "RNN_HIDDEN_SIZE": 209, "EMBEDDING_DROPOUT": 0.36991386067231674, "ANTIBODIES_RNN_DROPOUT": 0.31630759368795, "FULLY_CONNECTED_DROPOUT": 0.03866819559983541}