{"KMER_LEN_ANTB": 21, "KMER_LEN_VIRUS": 10, "EMBEDDING_SIZE": 50, "KMER_STRIDE_ANTB": 14, "KMER_STRIDE_VIRUS": 10, "BATCH_SIZE": 275, "EPOCHS": 87, "LEARNING_RATE": 0.001110062142628672, "GRAD_NORM_CLIP": 12.014602794487253, "RNN_HIDDEN_SIZE": 244, "NB_LAYERS": 1, "EMBEDDING_DROPOUT": 0.062470094223921024, "ANTIBODIES_RNN_DROPOUT": 0.08139035809905121, "VIRUS_RNN_DROPOUT": 0.12975319128163587, "FULLY_CONNECTED_DROPOUT": 0.4099352113926457}