{"BATCH_SIZE": 123, "LEARNING_RATE": 0.5594930803024052, "WARMUP": 14642, "EMBEDDING_DROPOUT": 0.12201878649419898, "FULLY_CONNECTED_DROPOUT": 0.07984348812739323, "N_HEADS_ENCODER": 2, "TRANS_HIDDEN_ENCODER": 205, "TRANS_DROPOUT_ENCODER": 0.009682998571771045, "N_HEADS_DECODER": 1, "TRANS_HIDDEN_DECODER": 637, "TRANS_DROPOUT_DECODER": 0.011926911931092174, "POS_EMBED": 30, "TRANSF_ENCODER_LAYERS":  1, "TRANSF_DECODER_LAYERS":  1}