{"KMER_LEN_VIRUS": 101, "KMER_STRIDE_VIRUS": 100, "BATCH_SIZE": 373, "LEARNING_RATE": 0.0009251699253778873, "GRAD_NORM_CLIP": 26.705234615770603, "RNN_HIDDEN_SIZE": 351, "EMBEDDING_DROPOUT": 0.22992295397423632, "ANTIBODIES_DROPOUT": 0.4388323513243702, "FULLY_CONNECTED_DROPOUT": 0.369100232815197}