{"BATCH_SIZE": 72, "LEARNING_RATE": 0.19124565354920567, "WARMUP": 6981, "EMBEDDING_DROPOUT": 0.004742980429004479, "FULLY_CONNECTED_DROPOUT": 0.33880910990896945, "TRANS_HIDDEN_ENCODER": 597, "TRANS_DROPOUT_ENCODER": 0.0637315496966021, "TRANS_HIDDEN_DECODER": 977, "TRANS_DROPOUT_DECODER": 0.05554952272965654, "POS_EMBED": 0.2776963692372116, "N_HEADS_ENCODER": 1, "N_HEADS_DECODER": 1, "TRANSF_ENCODER_LAYERS": 1, "TRANSF_DECODER_LAYERS": 1}