{"KMER_LEN_VIRUS": 79, "KMER_STRIDE_VIRUS": 79, "BATCH_SIZE": 559, "LEARNING_RATE": 0.0004990616179085717, "GRAD_NORM_CLIP": 1.1839748923381175, "RNN_HIDDEN_SIZE": 411, "EMBEDDING_DROPOUT": 0.050000617389949605, "ANTIBODIES_DROPOUT": 0.4511203129491729, "FULLY_CONNECTED_DROPOUT": 0.3326562566405375}