{"KMER_LEN_VIRUS": 102, "KMER_STRIDE_VIRUS": 87, "BATCH_SIZE": 659, "LEARNING_RATE": 0.000427030361555581, "GRAD_NORM_CLIP": 7.133902789348102, "RNN_HIDDEN_SIZE": 90, "EMBEDDING_DROPOUT": 0.005218399374717589, "ANTIBODIES_DROPOUT": 0.20920988241500593, "FULLY_CONNECTED_DROPOUT": 0.21703200478281934, "AB_TYPE_DROPOUT": 0.012392797615093355, "LOSS_AB_TO_VIRUS_RATIO": 0.9409113893726997}