{"KMER_LEN_VIRUS": 90, "KMER_STRIDE_VIRUS": 89, "BATCH_SIZE": 2056, "LEARNING_RATE": 0.0006354047319540009, "GRAD_NORM_CLIP": 1.535114824271842, "RNN_HIDDEN_SIZE": 688, "EMBEDDING_DROPOUT": 0.21551120234156443, "ANTIBODIES_DROPOUT": 0.45737642295379205, "FULLY_CONNECTED_DROPOUT": 0.16905373248512295}