{"KMER_LEN": 56, "BATCH_SIZE": 1771, "LEARNING_RATE": 0.4620310752991651, "WARMUP": 6064, "EMBEDDING_DROPOUT": 0.22689523366403852, "FULLY_CONNECTED_DROPOUT": 0.3656314102044994, "TRANS_HIDDEN_ENCODER": 449, "TRANS_DROPOUT_ENCODER": 0.3966336271035589, "TRANS_HIDDEN_DECODER": 159, "TRANS_DROPOUT_DECODER": 0.029213873364325793, "POS_EMBED": 0.4333453342585882, "KMER_STRIDE": 56, "N_HEADS_ENCODER": 1, "N_HEADS_DECODER": 1, "TRANSF_ENCODER_LAYERS": 1, "TRANSF_DECODER_LAYERS": 1}