{"KMER_LEN": 227, "BATCH_SIZE": 457, "LEARNING_RATE": 0.006561931960705887, "WARMUP": 2022, "EMBEDDING_DROPOUT": 0.3110108503456409, "FULLY_CONNECTED_DROPOUT": 0.35451564367441063, "TRANS_HIDDEN_ENCODER": 694, "TRANS_DROPOUT_ENCODER": 0.17831091927006515, "TRANS_HIDDEN_DECODER": 890, "TRANS_DROPOUT_DECODER": 0.014966916478160952, "POS_EMBED": 0.025229970531705906, "KMER_STRIDE": 209, "N_HEADS_ENCODER": 1, "N_HEADS_DECODER": 1, "TRANSF_ENCODER_LAYERS": 1, "TRANSF_DECODER_LAYERS": 1}