{"KMER_LEN_VIRUS": 94, "KMER_STRIDE_VIRUS": 68, "BATCH_SIZE": 434, "LEARNING_RATE": 0.00027626469434851274, "GRAD_NORM_CLIP": 587.4279184007697, "RNN_HIDDEN_SIZE": 462, "EMBEDDING_DROPOUT": 0.184186583001902, "ANTIBODIES_DROPOUT": 0.4834975820855901, "FULLY_CONNECTED_DROPOUT": 0.3519256343644333}