{"BATCH_SIZE": 116, "LEARNING_RATE": 0.04391501734684542, "WARMUP": 1855, "EMBEDDING_DROPOUT": 0.14596931318409997, "FULLY_CONNECTED_DROPOUT": 0.07325635055133123, "TRANS_HIDDEN_ENCODER": 319, "TRANS_DROPOUT_ENCODER": 0.11022777424989583, "TRANS_HIDDEN_DECODER": 872, "TRANS_DROPOUT_DECODER": 0.0031487902665129483, "POS_EMBED": 0.2085599016377997, "N_HEADS_ENCODER": 1, "N_HEADS_DECODER": 1, "TRANSF_ENCODER_LAYERS": 1, "TRANSF_DECODER_LAYERS": 1}