{"KMER_LEN_ANTB": 44, "KMER_LEN_VIRUS": 82, "EMBEDDING_SIZE": 22, "KMER_STRIDE_ANTB": 39, "KMER_STRIDE_VIRUS": 81, "BATCH_SIZE": 232, "EPOCHS": 93, "LEARNING_RATE": 0.00041136091829513556, "GRAD_NORM_CLIP": 1.1801230928362667, "RNN_HIDDEN_SIZE": 104, "NB_LAYERS": 2, "EMBEDDING_DROPOUT": 0.22329907616692152, "ANTIBODIES_RNN_DROPOUT": 0.35567929072350196, "VIRUS_RNN_DROPOUT": 0.09791256125834244, "FULLY_CONNECTED_DROPOUT": 0.21391388397959302}