{"KMER_LEN_VIRUS": 89, "KMER_STRIDE_VIRUS": 88, "BATCH_SIZE": 186, "LEARNING_RATE": 0.00024015127423474705, "GRAD_NORM_CLIP": 5.87467662266907, "RNN_HIDDEN_SIZE": 441, "EMBEDDING_DROPOUT": 0.12803425588447093, "ANTIBODIES_DROPOUT": 0.45468455986869954, "FULLY_CONNECTED_DROPOUT": 0.18469786572363245}