{"KMER_LEN_ANTB": 61, "KMER_LEN_VIRUS": 96, "EMBEDDING_SIZE": 24, "KMER_STRIDE_ANTB": 32, "KMER_STRIDE_VIRUS": 92, "BATCH_SIZE": 186, "EPOCHS": 93, "LEARNING_RATE": 0.00041153143392681313, "GRAD_NORM_CLIP": 0.8769170452098315, "RNN_HIDDEN_SIZE": 158, "NB_LAYERS": 1, "EMBEDDING_DROPOUT": 0.21558215114478843, "ANTIBODIES_RNN_DROPOUT": 0.33171324889996645, "ANTIBODIES_DROPOUT": 0, "VIRUS_RNN_DROPOUT": 0.030579341846214622, "FULLY_CONNECTED_DROPOUT": 0.20037159029133528}