{"KMER_LEN_VIRUS": 86, "KMER_STRIDE_VIRUS": 85, "BATCH_SIZE": 155, "LEARNING_RATE": 0.0002738802076659614, "GRAD_NORM_CLIP": 1.9173158440314573, "RNN_HIDDEN_SIZE": 516, "EMBEDDING_DROPOUT": 0.10491043858464125, "ANTIBODIES_DROPOUT": 0.43775353114869675, "FULLY_CONNECTED_DROPOUT": 0.38134300270853544}